most_recent_visit,active,created,birth_y_m,age,most_recent_y,most_recent_m,most_recent_d,total_ltv_inc,total_ltv_ex,product,days_since_last_pay,subscription_duration_days,total_cancellations,total_entries,cancellation_date,n_quits,check_in,theoretical_inactive_date,anon_id
2025-11-28 10:28:00,yes,1990-01-01,1977-09-01,49.0,2025,11,28,22193.0,20936.72,crossfit_12_mån_autogiro_open_gym,13.0,762.0,12.0,502.0,2026-01-21,3.0,502.0,2026-02-26,3a961561-9943-4b71-a29e-35276e9b10f7
2023-09-04 18:09:00,no,1990-01-01,1977-03-01,49.0,2023,9,4,22561.0,21283.98,crossfit_6_mån_autogiro_fullt_medlemskap,897.0,822.0,81.0,169.0,2023-08-22,1.0,169.0,2023-08-26,64809e17-4f02-441b-8357-40d9ae116ff9
2022-04-23 12:02:00,no,1990-01-01,1993-02-01,33.0,2022,4,23,9438.0,8903.730000000001,crossfit_12_mån_autogiro_open_gym,1385.0,334.0,,75.0,2022-04-15,2.0,75.0,2022-05-27,b0e8d0a1-c0c4-41d8-ac42-3c487134bae4
2025-03-24 18:10:00,yes,1990-01-01,1986-02-01,40.0,2025,3,24,44384.0,41871.72,crossfit_12_mån_autogiro_fullt_medlemskap,136.0,1583.0,129.0,216.0,2021-03-10,1.0,216.0,2026-03-05,57f807c4-cfee-4d10-828c-7ac67eb5eb68
2026-02-11 17:21:00,yes,1990-01-01,1972-01-01,54.0,2026,2,11,52655.0,49674.5,crossfit_12_mån_autogiro_fullt_medlemskap,13.0,1706.0,131.0,891.0,,,891.0,2026-02-26,cdc27938-6de5-42ab-a13a-9744754be88d
2025-01-15 19:06:00,no,1990-01-01,1989-12-01,37.0,2025,1,15,3492.0,3294.34,crossfit_6_mån_autogiro_fullt_medlemskap,350.0,110.0,4.0,12.0,2025-01-23,2.0,12.0,2025-03-29,15e0e7d1-addb-408a-8dce-30af8bb58daf
2026-02-10 06:12:00,yes,1990-01-01,1973-09-01,53.0,2026,2,10,55494.0,52352.85,crossfit_12_mån_autogiro_fullt_medlemskap,13.0,1706.0,81.0,478.0,2020-07-31,1.0,478.0,2026-02-26,6ab90da0-474e-41d9-b95b-29ecef1affda
2021-08-05 10:07:00,no,1990-01-01,1985-02-01,41.0,2021,8,5,1295.0,1221.69,crossfit_12_mån_autogiro_open_gym,1658.0,61.0,,29.0,2021-07-05,2.0,29.0,2021-08-26,2ebbce00-ea56-48ae-a41b-a6dd26297f73
2022-12-14 18:15:00,no,1990-01-01,1991-08-01,35.0,2022,12,14,15327.0,14459.43,crossfit_12_mån_autogiro_fullt_medlemskap,1140.0,579.0,25.0,74.0,2022-12-20,2.0,74.0,2023-01-26,791652c1-21a4-46ba-9399-309c7183ae7b
2026-02-11 16:59:00,yes,1990-01-01,1994-04-01,32.0,2026,2,11,2426.0,2288.69,skåpshyra_12_mån_autogiro,75.0,1446.0,67.0,642.0,2025-12-01,1.0,642.0,2025-12-27,62a0d671-27a6-43b0-b34d-2c5f4efb67b6
2021-09-19 16:24:00,no,1990-01-01,1985-03-01,41.0,2021,9,19,2916.0,2750.93,crossfit_12_mån_autogiro_fullt_medlemskap,1627.0,92.0,5.0,16.0,2021-08-26,2.0,16.0,2021-09-26,b936472c-53bf-4006-af7d-ef88887f2e03
2025-10-18 11:27:00,no,1990-01-01,1987-02-01,39.0,2025,10,18,49892.0,47067.939999999995,crossfit_12_mån_autogiro_fullt_medlemskap,136.0,1583.0,108.0,242.0,2025-09-23,3.0,242.0,2025-10-30,df17f269-6cc2-4679-a590-6cb0822c12e4
2026-01-26 18:11:00,yes,1990-01-01,1996-02-01,30.0,2026,1,26,47579.0,44885.71,crossfit_12_mån_autogiro_student_fullt_medlemskap,44.0,1675.0,117.0,206.0,2022-01-07,1.0,206.0,2026-01-28,b5421414-9238-4ac2-bd63-d29dc9da93f8
2021-09-02 15:15:00,no,2013-10-28,1994-11-01,32.0,2021,9,2,2916.0,2750.93,crossfit_12_mån_autogiro_fullt_medlemskap,1627.0,92.0,,19.0,2021-08-26,2.0,19.0,2021-09-26,e0d7998e-28ac-4b53-8075-0cd4f1e4c313
2026-02-09 18:06:00,yes,2016-02-03,1986-01-01,40.0,2026,2,9,45806.0,43213.05,crossfit_12_mån_autogiro_student_fullt_medlemskap,44.0,1675.0,138.0,278.0,2020-05-13,1.0,278.0,2026-01-28,953f1e79-b079-4188-acb3-113bc8ab4e01
2026-02-11 18:11:00,yes,2016-05-28,1978-09-01,48.0,2026,2,11,54208.0,51139.64,crossfit_12_mån_autogiro_fullt_medlemskap,13.0,1706.0,102.0,359.0,2020-07-27,1.0,359.0,2026-02-26,c9f71e29-00cd-47ba-bf63-53696fd290dd
2026-01-26 16:26:00,yes,2016-08-05,1994-05-01,32.0,2026,1,26,47677.0,44978.11,crossfit_12_mån_autogiro_open_gym,13.0,1706.0,2.0,443.0,2020-07-21,1.0,443.0,2026-01-28,7dbd56bc-dc1a-437b-b8ab-949867a442e8
2026-02-10 17:02:00,yes,2016-08-08,1973-01-01,53.0,2026,2,10,53165.0,50155.67,crossfit_12_mån_autogiro_fullt_medlemskap,13.0,1706.0,206.0,263.0,2020-07-27,1.0,263.0,2026-02-26,98fd054e-db52-4731-976d-ca91c7f89919
2026-02-10 17:29:00,yes,2016-08-09,1989-06-01,37.0,2026,2,10,47677.0,44978.11,crossfit_12_mån_autogiro_open_gym,13.0,1706.0,18.0,524.0,2020-07-17,1.0,524.0,2026-02-26,d5f93a86-c64f-41b4-9f0e-9d3c3640aef2
2025-02-18 16:51:00,no,2016-08-10,1974-10-01,52.0,2025,2,18,15653.0,14766.98,crossfit_12_mån_autogiro_fullt_medlemskap,319.0,1400.0,33.0,13.0,2025-03-31,3.0,13.0,2025-04-26,6d5ffc86-0a7d-47a4-af45-0f4e67485903
2026-02-10 11:52:00,yes,2016-08-11,1986-05-01,40.0,2026,2,10,53411.0,50387.75,crossfit_12_mån_autogiro_fullt_medlemskap,13.0,1706.0,204.0,418.0,,,418.0,2026-02-26,da7acde3-c430-4273-8ee9-66339910dc4d
2022-10-26 18:16:00,no,2016-08-11,1986-09-01,40.0,2022,10,26,16272.0,15350.94,crossfit_12_mån_autogiro_fullt_medlemskap,1201.0,518.0,28.0,195.0,2022-10-26,2.0,195.0,2022-11-26,f3088b14-47b0-4e16-8283-09d72304d1d1
2026-02-07 17:07:00,yes,2016-08-11,1985-06-01,41.0,2026,2,7,39613.0,37370.69,crossfit_12_mån_autogiro_fullt_medlemskap,13.0,1706.0,63.0,412.0,2023-02-08,3.0,412.0,2026-02-26,06bca565-d404-45e4-a130-cc42ba3e5340
2024-02-07 08:53:00,no,2016-08-15,1992-11-01,34.0,2024,2,7,25981.0,24510.26,crossfit_12_mån_autogiro_student_open_gym,744.0,975.0,35.0,315.0,2024-01-08,1.0,315.0,2024-02-28,dad7fb3d-e142-4887-ada3-931d5f7f92ea
2025-01-23 11:48:00,no,2016-08-29,1988-08-01,38.0,2025,1,23,41527.0,39176.43,crossfit_12_mån_autogiro_fullt_medlemskap,378.0,1341.0,5.0,44.0,2025-01-13,1.0,44.0,2025-02-27,604e6b74-fa15-4e28-b980-1dda18f20cc8
2026-01-20 08:49:00,yes,2016-08-31,1977-11-01,49.0,2026,1,20,49646.0,46835.87,crossfit_12_mån_autogiro_fullt_medlemskap,13.0,1706.0,29.0,266.0,2025-01-31,3.0,266.0,2026-02-26,2813d6cd-948f-410a-9dee-dd7ba979870d
2023-01-12 13:27:00,no,2016-09-05,1993-07-01,33.0,2023,1,12,17388.0,16403.75,crossfit_12_mån_autogiro_fullt_medlemskap,1140.0,579.0,79.0,122.0,2022-12-22,2.0,122.0,2023-01-26,3e87e324-7ef8-4788-b609-82d11377dc57
2026-02-11 08:24:00,yes,2016-09-13,1991-08-01,35.0,2026,2,11,53165.0,50155.67,crossfit_12_mån_autogiro_fullt_medlemskap,13.0,1706.0,21.0,503.0,2020-07-27,1.0,503.0,2026-02-26,613fea35-6399-4959-8432-fd4c2deee594
2026-02-09 16:59:00,yes,2016-09-29,1974-08-01,52.0,2026,2,9,55436.0,52298.13,crossfit_12_mån_autogiro_fullt_medlemskap,13.0,1706.0,7.0,927.0,2020-04-21,1.0,927.0,2026-02-26,5d2319d4-ef1a-471b-a876-373e54c0c214
2025-09-15 19:01:00,no,2016-10-11,1990-06-01,36.0,2025,9,15,39538.0,37300.01,crossfit_6_mån_autogiro_fullt_medlemskap,166.0,1553.0,301.0,186.0,2025-07-31,5.0,187.0,2025-09-26,b876356b-7339-4e39-a38d-34f0f7f0f430
2026-02-11 10:36:00,yes,2016-11-11,1974-08-01,52.0,2026,2,11,88947.0,83912.3,crossfit_12_mån_autogiro_fullt_medlemskap,13.0,1706.0,54.0,417.0,,,418.0,2026-02-26,217d416c-cb77-40ae-8d04-d7129c15af61
2023-06-16 08:23:00,no,2017-01-23,1989-09-01,37.0,2023,6,16,23133.0,21823.5,crossfit_12_mån_autogiro_student_fullt_medlemskap,928.0,791.0,176.0,229.0,2023-07-13,3.0,229.0,2023-08-26,2996c8b4-a05f-4d6c-8a52-c7349de13648
2024-02-22 16:46:00,no,2017-01-30,2003-01-01,23.0,2024,2,22,12438.0,11733.97,crossfit_6_mån_autogiro_fullt_medlemskap,470.0,351.0,5.0,40.0,2024-10-29,2.0,40.0,2024-06-28,19fb2000-da95-4a41-9f0d-c3864920e074
2023-09-14 11:50:00,no,2017-05-23,1996-02-01,30.0,2023,9,14,26667.0,25157.55,crossfit_12_mån_autogiro_fullt_medlemskap,867.0,852.0,99.0,49.0,2023-09-14,2.0,49.0,2023-10-27,1a8de8a8-5e90-48da-bb0d-ac6d9a4591b4
2021-08-26 18:44:00,no,2017-06-21,1994-09-01,32.0,2021,8,26,2097.0,1978.29,crossfit_12_mån_autogiro_fullt_medlemskap,1658.0,61.0,3.0,19.0,2021-07-30,1.0,19.0,2021-08-26,e375da62-3784-4499-a3b1-337955e96ef9
2026-02-09 17:13:00,yes,2017-06-29,1995-06-01,31.0,2026,2,9,53765.0,50721.71,crossfit_12_mån_autogiro_fullt_medlemskap,13.0,1706.0,39.0,373.0,2020-07-21,1.0,373.0,2026-02-26,41a0ff21-6452-43c7-9770-ecd1c83e2197
2026-02-06 11:56:00,yes,2017-07-01,1976-01-01,50.0,2026,2,6,47753.9912,45050.97,crossfit_6_mån_autogiro_fullt_medlemskap,13.0,1706.0,69.0,161.0,2021-11-08,2.0,161.0,2026-02-26,cba5216e-2001-4e39-9e76-2c22e3789053
2022-12-02 06:09:00,no,2017-07-05,1972-04-01,54.0,2022,12,2,18408.0,17366.04,crossfit_12_mån_autogiro_fullt_medlemskap,1140.0,579.0,62.0,64.0,2023-03-01,2.0,64.0,2022-12-28,607e9cdc-63dc-44ec-90d6-043c18b73a95
2024-04-13 06:52:00,no,2017-07-13,1978-03-01,48.0,2024,4,13,28557.0,26940.57,crossfit_12_mån_autogiro_fullt_medlemskap,654.0,1065.0,36.0,207.0,2024-04-30,2.0,207.0,2024-05-30,7380f8a6-33c7-4749-8779-53a9bb2eeb6f
2023-06-27 06:15:00,no,2017-07-13,1976-06-01,50.0,2023,6,27,21832.0,20596.23,crossfit_12_mån_autogiro_fullt_medlemskap,1020.0,699.0,22.0,155.0,2023-05-30,2.0,155.0,2023-05-27,9f2953f5-b293-4d16-b1d4-4d6f3673b262
2026-02-11 07:29:00,yes,2017-08-10,1988-09-01,38.0,2026,2,11,31741.0,29944.35,crossfit_12_mån_autogiro_fullt_medlemskap,13.0,993.0,98.0,395.0,,,395.0,2026-02-26,f420ec20-76ba-47a2-a24c-7044ba64ce71
2026-02-07 15:07:00,yes,2017-08-10,1988-07-01,38.0,2026,2,7,32768.0,30913.23,skåpshyra_12_mån_autogiro,13.0,1486.0,15.0,367.0,,,367.0,2026-02-26,36edee4c-32d7-41f6-86a7-761e0cfb8d6d
2022-04-21 18:17:00,no,2017-09-04,1991-02-01,35.0,2022,4,21,19589.0,18480.15,crossfit_12_mån_autogiro_fullt_medlemskap,1385.0,334.0,64.0,122.0,2022-04-06,1.0,122.0,2022-05-27,ad6bd4d9-03f3-48b0-bc79-5ea6c3095724
2024-02-01 11:50:00,no,2017-10-16,1990-03-01,36.0,2024,2,1,31499.0,29715.96,crossfit_12_mån_autogiro_student_fullt_medlemskap,593.0,1126.0,88.0,121.0,2024-06-18,2.0,121.0,2024-07-27,1d55bf35-2eac-4f00-a4a3-8b005707b2e1
2026-02-11 18:11:00,yes,2017-10-20,1962-10-01,64.0,2026,2,11,53411.0,50387.75,crossfit_12_mån_autogiro_fullt_medlemskap,13.0,1706.0,72.0,425.0,,,425.0,2026-02-26,419c6cc9-6867-4467-b5c2-8c6ffa825a97
2022-11-07 17:18:00,no,2017-11-28,1990-11-01,36.0,2022,11,7,15894.0,14994.34,crossfit_12_mån_autogiro_fullt_medlemskap,1201.0,518.0,14.0,132.0,2022-10-19,2.0,132.0,2022-11-26,143c9cb2-53b7-4dab-ad5b-9e43b8519a75
2023-03-19 19:31:00,no,2018-01-26,1990-08-01,36.0,2023,3,19,21597.0,20374.53,crossfit_12_mån_autogiro_fullt_medlemskap,897.0,822.0,54.0,181.0,2023-03-27,3.0,181.0,2023-09-28,5f0e8c9a-ad46-4f9d-943f-f69933a3d79e
2021-06-19 06:50:00,no,2018-02-05,1981-12-01,45.0,2021,6,19,699.0,659.43,crossfit_12_mån_autogiro_fullt_medlemskap,1719.0,0.0,1.0,12.0,2021-06-19,2.0,12.0,2021-06-26,17705003-8569-4c1a-a660-ef87716eedf6
2023-06-27 07:29:00,no,2018-02-26,1988-03-01,38.0,2023,6,27,19475.0,18372.55,crossfit_12_mån_autogiro_student_open_gym,989.0,730.0,,278.0,2023-05-30,1.0,278.0,2023-06-28,e177756a-babf-4517-8bc8-161f6a47021a
2024-01-25 17:01:00,no,2018-04-15,1981-04-01,45.0,2024,1,25,20095.0,18957.54,crossfit_12_mån_autogiro_fullt_medlemskap,715.0,1004.0,297.0,190.0,2024-02-08,3.0,190.0,2024-03-28,bd42b172-05eb-4b46-80a8-730e036c0095
2023-03-23 17:07:00,no,2018-04-15,1974-07-01,52.0,2023,3,23,20298.0,19149.06,crossfit_12_mån_autogiro_fullt_medlemskap,1081.0,638.0,284.0,188.0,2023-03-09,2.0,188.0,2023-03-29,efb59f4c-3f8c-43cf-a491-96a7b65948ac
2022-05-01 19:35:00,no,2018-06-25,1993-04-01,33.0,2022,5,1,10678.0,10073.58,crossfit_6_mån_autogiro_fullt_medlemskap,1385.0,334.0,39.0,123.0,2022-04-07,2.0,123.0,2022-05-27,d2b8c59e-d590-4f66-a138-c5e67dc2412e
2026-01-16 11:09:00,yes,2018-07-03,1986-08-01,40.0,2026,1,16,27185.0,25646.25,crossfit_12_mån_autogiro_fullt_medlemskap,13.0,976.0,109.0,447.0,,,447.0,2026-02-26,5cc43e3b-66c6-4b2e-9b42-3eb2d7b8a977
2025-08-11 11:46:00,no,2018-07-04,1985-06-01,41.0,2025,8,11,40701.0,38397.18,crossfit_12_mån_autogiro_fullt_medlemskap,44.0,1675.0,122.0,270.0,2025-12-15,4.0,271.0,2026-01-28,67d88bef-77e6-4949-93ab-d82401f0594c
2021-10-28 06:29:00,no,2018-07-10,1988-12-01,38.0,2021,10,28,3495.0,3297.16,crossfit_12_mån_autogiro_fullt_medlemskap,1597.0,122.0,,23.0,2021-09-15,2.0,23.0,2021-10-28,53bcba35-2d96-4970-b468-82061c1447da
2026-02-11 17:31:00,yes,2018-07-30,1990-07-01,36.0,2026,2,11,51949.9912,49009.46,crossfit_6_mån_autogiro_fullt_medlemskap,13.0,1558.0,81.0,379.0,,,379.0,2026-02-26,738dc7ee-0094-4626-84c5-747d8f04dbfe
2024-05-22 11:37:00,no,2018-07-30,1985-07-01,41.0,2024,5,22,47152.0,44483.03,crossfit_12_mån_autogiro_fullt_medlemskap,197.0,1522.0,17.0,48.0,2025-07-21,2.0,48.0,2025-08-27,57544740-30dc-42e3-b216-ad4618df922f
2023-01-12 15:07:00,no,2018-08-23,1991-12-01,35.0,2023,1,12,6742.0,6360.38,crossfit_12_mån_autogiro_fullt_medlemskap,1140.0,518.0,34.0,33.0,2022-12-15,1.0,33.0,2023-01-26,9755ef85-b7e0-4c17-8aac-29aa102f079d
2022-10-16 13:58:00,no,2018-08-27,1990-03-01,36.0,2022,10,16,15791.0,14897.18,crossfit_12_mån_autogiro_fullt_medlemskap,1232.0,487.0,33.0,145.0,2022-09-22,1.0,145.0,2022-10-27,ff6644ed-7fca-4fc2-8ef9-4a84fba8c546
2021-09-29 18:03:00,no,2018-08-30,1998-02-01,28.0,2021,9,29,5094.0,4805.64,crossfit_12_mån_autogiro_student_fullt_medlemskap,1566.0,153.0,,32.0,2022-12-07,1.0,32.0,2021-10-28,29d342e9-7933-4c76-a114-4b25d5327e2a
2025-02-21 15:59:00,no,2018-09-11,1991-11-01,35.0,2025,2,21,36582.0,34511.35,crossfit_6_mån_autogiro_fullt_medlemskap,378.0,1184.0,155.0,343.0,2025-01-28,2.0,343.0,2025-02-27,ad01ce4f-c926-4105-bdd9-9200f4c09cd5
2025-05-28 16:27:00,no,2018-09-15,1992-06-01,34.0,2025,5,28,19809.0,18687.7,crossfit_12_mån_autogiro_student_fullt_medlemskap,228.0,1491.0,177.0,242.0,2025-05-07,3.0,242.0,2025-07-27,d55daf33-75d1-438b-ba2a-8ed5ffa45b27
2021-08-16 18:05:00,no,2018-11-17,1997-01-01,29.0,2021,8,16,2547.0,2402.82,crossfit_12_mån_autogiro_student_fullt_medlemskap,1658.0,61.0,20.0,39.0,2021-07-30,1.0,39.0,2021-08-26,5ff44a17-0e33-4306-b503-af3e7904be83
2024-09-10 17:09:00,no,2019-01-17,1997-08-01,29.0,2024,9,10,300.0,283.02,klippkort_-_entré,521.0,21.0,15.0,33.0,,,35.0,,e5314f5b-e492-484b-8254-85773cfd4231
2021-07-15 05:15:00,no,2019-01-19,1991-03-01,35.0,2021,7,15,1198.0,1130.18,crossfit_12_mån_autogiro_open_gym,1689.0,30.0,,18.0,2021-06-21,2.0,18.0,2021-07-29,fd697b41-1922-4786-8ac1-350b603539a9
2021-07-15 06:06:00,no,2019-01-19,1991-08-01,35.0,2021,7,15,1198.0,1130.18,crossfit_12_mån_autogiro_open_gym,1689.0,30.0,,22.0,2021-06-21,2.0,22.0,2021-07-29,818434e4-d796-4ca7-ba03-b8b3cdddada7
2021-09-20 12:04:00,no,2019-01-28,1999-05-01,27.0,2021,9,20,2978.0,2809.4300000000003,crossfit_6_mån_autogiro_open_gym,1627.0,70.0,,14.0,2021-11-19,1.0,14.0,2021-09-26,0dd6ef71-9792-4511-91ea-5560ecbc2a14
2025-06-16 18:04:00,no,2019-02-26,1992-05-01,34.0,2025,6,16,22702.0,21416.95,crossfit_12_mån_autogiro_fullt_medlemskap,228.0,1491.0,61.0,203.0,2025-05-07,3.0,204.0,2025-07-27,f904c600-8ddd-4a58-af53-a2905c8ae2d4
2024-07-30 08:59:00,no,2019-02-27,1991-02-01,35.0,2024,7,30,37680.0,35547.189999999995,crossfit_6_mån_autogiro_fullt_medlemskap,470.0,1249.0,189.0,392.0,2024-10-29,2.0,392.0,2024-11-27,76d6f9d0-324f-4d29-9018-c9e66606061f
2024-12-10 11:32:00,no,2019-02-27,1967-03-01,59.0,2024,12,10,30207.0,28497.18,crossfit_6_mån_autogiro_fullt_medlemskap,744.0,975.0,186.0,345.0,,,345.0,2024-12-27,c1b2acc0-822b-46c6-878b-4387f8674475
2026-02-10 17:06:00,yes,2019-08-18,1986-10-01,40.0,2026,2,10,2774.9956,2617.92,klippkort_-_entré,13.0,492.0,1.0,2.0,2020-07-16,1.0,8.0,2026-02-26,039e941d-3c11-451e-90e1-4b592daaf9e3
2023-11-28 17:24:00,no,2019-08-28,1992-07-01,34.0,2023,11,28,31008.0,29252.859999999997,crossfit_6_mån_autogiro_fullt_medlemskap,836.0,883.0,3.0,98.0,2023-10-30,2.0,98.0,2023-11-26,31d2748f-0ee0-4442-b9ca-189cb6dca867
2023-12-15 05:58:00,yes,2019-09-09,1996-03-01,30.0,2023,12,15,4157.0,3921.71,fbb_ag_6mån,13.0,803.0,31.0,512.0,2026-01-22,2.0,512.0,2026-02-26,b9e8110d-2f3c-434b-9363-039565280179
2022-03-08 15:48:00,no,2019-09-17,2003-05-01,23.0,2022,3,8,2166.0,2043.42,teens_autogiro,1324.0,134.0,,4.0,2022-07-01,1.0,4.0,2022-07-28,6f454c37-4505-483a-af2d-42a2c7bbd0b8
2026-02-12 07:22:00,yes,2019-09-30,2001-09-01,25.0,2026,2,12,42484.0,40079.08,crossfit_12_mån_autogiro_student_fullt_medlemskap,13.0,1492.0,33.0,756.0,,,756.0,2026-02-26,e22372d4-c1b0-4006-a111-6fd95c8405e8
2026-02-11 09:35:00,yes,2019-12-05,1990-06-01,36.0,2026,2,11,55973.0,52804.74,crossfit_12_mån_autogiro_fullt_medlemskap,13.0,1706.0,73.0,428.0,,,428.0,2026-02-26,ad445a0d-1091-4a89-b40a-4db83ee41111
2025-01-26 13:11:00,no,2020-01-06,1992-10-01,34.0,2025,1,26,5144.0,4852.8099999999995,skåpshyra_12_mån_autogiro,1201.0,184.0,19.0,320.0,2023-12-21,3.0,320.0,2022-10-27,b41f9791-3adc-4d48-bebc-0fae00d72fa0
2026-02-11 15:03:00,yes,2020-01-10,1993-06-01,33.0,2026,2,11,51551.0,48633.03,crossfit_12_mån_autogiro_fullt_medlemskap,13.0,1706.0,199.0,320.0,,,320.0,2026-02-26,b27340e4-8931-4881-bf0e-c46b0f9bb9b8
2021-12-17 17:10:00,no,2020-01-10,1994-02-01,32.0,2021,12,17,5877.0,5544.33,crossfit_12_mån_autogiro_fullt_medlemskap,1536.0,183.0,20.0,45.0,2021-10-29,1.0,45.0,2021-12-29,c10b3f10-a303-4446-a9c5-f9f0e878d776
2021-10-22 17:02:00,no,2020-01-12,1993-12-01,33.0,2021,10,22,5094.0,4805.64,crossfit_12_mån_autogiro_student_fullt_medlemskap,1566.0,153.0,19.0,27.0,2021-11-29,1.0,27.0,2021-12-02,02c69935-5923-499f-a7ef-72ad90114e02
2025-11-07 09:43:00,yes,2020-04-12,1989-09-01,37.0,2025,11,7,40627.0,38327.32,crossfit_12_mån_autogiro_fullt_medlemskap,13.0,1706.0,14.0,173.0,2026-01-02,2.0,173.0,2026-02-26,8b9f938f-547e-42b6-a6db-347a6b7a1b89
2026-02-11 17:35:00,no,2020-04-21,1993-09-01,33.0,2026,2,11,38155.0,35995.3,crossfit_12_mån_autogiro_fullt_medlemskap,13.0,1706.0,147.0,247.0,2026-01-04,2.0,253.0,2026-02-26,109a0b39-5da4-4198-b551-7a794d77c2da
2021-11-12 11:44:00,no,2020-06-03,1992-01-01,34.0,2021,11,12,4914.0,4635.84,crossfit_6_mån_autogiro_fullt_medlemskap,1566.0,153.0,35.0,25.0,2021-10-12,1.0,25.0,2021-12-02,f79eea35-50f6-481d-81c9-5b2478b305f8
2025-01-28 05:48:00,no,2020-06-08,1994-09-01,32.0,2025,1,28,10471.0,9878.28,crossfit_12_mån_autogiro_fullt_medlemskap,1354.0,365.0,26.0,285.0,2022-05-10,1.0,285.0,2022-06-26,fc8e8c6e-1242-4847-a373-d1e1536d2fd8
2022-01-24 14:25:00,no,2020-07-10,2001-12-01,25.0,2022,1,24,7020.0,6622.610000000001,crossfit_12_mån_autogiro_student_fullt_medlemskap,1474.0,245.0,23.0,45.0,2022-01-24,1.0,45.0,2022-03-02,beee7922-cf9e-457b-8ac3-69028e251153
2023-05-03 07:54:00,no,2020-07-29,2005-04-01,21.0,2023,5,3,348.0,328.3,teens_autogiro,1685.0,0.0,13.0,63.0,2023-09-12,1.0,63.0,,5ed57976-f6b3-4a79-84c7-7956961f9e92
2023-06-13 08:33:00,no,2020-07-31,1996-01-01,30.0,2023,6,13,19089.0,18008.420000000002,crossfit_12_mån_autogiro_student_fullt_medlemskap,989.0,730.0,16.0,194.0,2023-05-15,1.0,194.0,2023-06-28,841e0f7e-94b8-4c1a-8501-b39dc5caba22
2022-09-11 09:38:00,no,2020-08-01,1986-07-01,40.0,2022,9,11,7403.0,6983.969999999999,skåpshyra_12_mån_autogiro,1262.0,457.0,58.0,152.0,2022-08-26,2.0,152.0,2022-09-28,6db050a1-f302-4843-88c4-d1aad754fd18
2022-04-05 16:47:00,no,2020-08-06,2000-08-01,26.0,2022,4,5,10774.0,10164.16,crossfit_12_mån_autogiro_fullt_medlemskap,1354.0,365.0,7.0,12.0,2022-05-16,1.0,12.0,2022-06-26,dab003a0-a95b-41e4-9a5f-8f9562d4b165
2023-07-26 07:53:00,no,2020-08-21,1987-10-01,39.0,2023,7,26,22570.0,21292.47,crossfit_12_mån_autogiro_fullt_medlemskap,959.0,760.0,46.0,64.0,2023-09-29,1.0,64.0,2023-07-27,b00f1a50-1a84-43db-ad31-f996c9fd05bc
2021-06-14 11:55:00,no,2020-09-01,1995-04-01,31.0,2021,6,14,949.0,895.28,crossfit_6_mån_autogiro_student_fullt_medlemskap,1719.0,0.0,1.0,3.0,2021-05-01,1.0,3.0,2021-06-26,5c9e44ee-a3bb-4a9a-97e7-906e8fbe3b95
2021-09-27 14:30:00,no,2020-09-04,1989-01-01,37.0,2021,9,27,4483.0,4229.24,crossfit_6_mån_autogiro_fullt_medlemskap,1597.0,122.0,9.0,5.0,2021-09-27,1.0,5.0,2021-10-28,6ed7fe80-5e71-43c6-a622-1c37732464a8
2021-05-27 18:27:00,no,2020-09-04,1993-12-01,33.0,2021,5,27,1929.0,1819.81,crossfit_6_mån_autogiro_student_fullt_medlemskap,1658.0,61.0,,1.0,2021-12-08,1.0,1.0,2021-08-26,555eedf3-78e3-42ef-a116-273bede55c5c
2022-07-28 09:58:00,no,2020-09-07,1992-12-01,34.0,2022,7,28,8786.0,8288.66,crossfit_6_mån_autogiro_open_gym,1324.0,395.0,5.0,78.0,2022-06-15,1.0,78.0,2022-07-28,2a55d8bd-0975-4a34-96d8-d275ad1fdc9d
2024-11-28 11:14:00,no,2020-10-12,1995-09-01,31.0,2024,11,28,39618.0,37375.49,crossfit_6_mån_autogiro_fullt_medlemskap,440.0,1279.0,138.0,226.0,2024-11-13,2.0,226.0,2024-12-27,d76bf7de-d3ab-4961-9f04-a62786b7b48f
2025-02-13 16:21:00,no,2020-10-12,1995-02-01,31.0,2025,2,13,43649.0,41178.329999999994,crossfit_6_mån_autogiro_fullt_medlemskap,378.0,1311.0,294.0,358.0,2025-01-08,2.0,359.0,2025-02-27,4dd6bf94-b7dc-4e42-8560-d08fbff033ea
2023-08-09 20:00:00,no,2020-10-21,1989-04-01,37.0,2023,8,9,22650.0,21367.94,crossfit_12_mån_autogiro_fullt_medlemskap,928.0,791.0,4.0,116.0,2023-07-26,1.0,116.0,2023-08-26,90d18473-e990-4514-bf2e-f8f2d504d798
2022-04-08 06:17:00,no,2020-11-04,2001-01-01,25.0,2022,4,8,10188.0,9611.28,crossfit_12_mån_autogiro_student_fullt_medlemskap,1385.0,334.0,86.0,82.0,2022-04-14,1.0,82.0,2022-05-27,a608dd4e-7907-4e2b-873f-b086b8a5705f
2025-12-07 10:51:00,yes,2020-12-21,1987-11-01,39.0,2025,12,7,52490.0,49518.899999999994,skåpshyra_12_mån_autogiro,13.0,1706.0,96.0,468.0,,,468.0,2026-02-26,d65877db-6d58-4844-a275-6724d75465c3
2026-02-09 17:54:00,yes,2020-12-30,1990-01-01,36.0,2026,2,9,56141.9912,52964.189999999995,crossfit_6_mån_autogiro_fullt_medlemskap,13.0,1686.0,18.0,474.0,,,474.0,2026-02-26,ce808cf4-ad59-45f0-b321-7ba77c578d44
2023-06-12 11:06:00,no,2021-01-06,1976-12-01,50.0,2023,6,12,21001.0,19812.28,crossfit_6_mån_autogiro_fullt_medlemskap,654.0,639.0,3.0,29.0,2024-04-10,1.0,29.0,2024-05-30,75e5a7ca-44d6-41e2-961e-d05d41fd62a9
2026-02-11 17:33:00,no,2021-01-17,1991-04-01,35.0,2026,2,11,41977.0,39600.97,crossfit_12_mån_autogiro_fullt_medlemskap,-1.0,1385.0,202.0,213.0,2025-12-03,1.0,213.0,2026-01-28,fafc51e8-9533-48b8-ad73-d656f11aaf21
2026-01-30 14:32:00,yes,2021-02-01,1975-10-01,51.0,2026,1,30,148218.0,139827.95,crossfit_12_mån_autogiro_fullt_medlemskap,13.0,1676.0,29.0,398.0,,,398.0,2026-02-26,9295eaaa-7f34-44a0-9be9-cb91e79b9672
2026-02-05 11:56:00,yes,2021-02-01,2003-12-01,23.0,2026,2,5,7516.992,7091.51,crossfit_6_mån_autogiro_fullt_medlemskap,13.0,200.0,149.0,306.0,2024-08-15,1.0,306.0,2026-02-26,9378e59b-c3c2-4744-bf82-d5939ec3f50a
2023-02-27 18:24:00,no,2021-02-04,1995-09-01,31.0,2023,2,27,20058.0,18922.65,crossfit_12_mån_autogiro_fullt_medlemskap,1081.0,638.0,13.0,268.0,2023-02-08,1.0,268.0,2023-03-29,164c2ea1-2537-4ac5-b99e-d6dbc19952a1
2023-01-07 06:57:00,no,2021-02-04,1993-08-01,33.0,2023,1,7,16542.0,15605.6,crossfit_12_mån_autogiro_open_gym,1140.0,579.0,,205.0,2022-12-13,1.0,205.0,2023-01-26,f3e0a026-33aa-427e-9014-94e0b506b3bc
2021-09-06 17:50:00,no,2021-02-08,1989-04-01,37.0,2021,9,6,3834.0,3616.9700000000003,crossfit_12_mån_autogiro_open_gym,1597.0,122.0,,16.0,2021-09-24,1.0,16.0,2021-10-28,1bcee868-8f90-4b1c-9b5b-b99feae60488
2021-10-01 09:31:00,no,2021-02-08,1989-09-01,37.0,2021,10,1,3608.0,3403.7599999999998,crossfit_12_mån_autogiro_student_open_gym,1597.0,122.0,,27.0,2021-09-24,1.0,27.0,2021-10-28,9f1b315d-1c7b-4ab9-9130-cbee07e2ff7d
2024-05-29 11:53:00,no,2021-02-17,1998-11-01,28.0,2024,5,29,30564.0,28833.840000000004,crossfit_12_mån_autogiro_student_fullt_medlemskap,654.0,1065.0,182.0,298.0,2024-04-25,1.0,298.0,2024-05-30,77e505ce-c214-4a27-8951-80d9b8ed92c7
2026-01-30 11:49:00,yes,2021-03-03,1987-11-01,39.0,2026,1,30,3755.0,3542.46,crossfit_6_mån_autogiro_fullt_medlemskap,13.0,125.0,57.0,102.0,,,102.0,2026-02-26,c008c070-3027-48ce-9845-7780f2e6ca42
2022-03-21 11:51:00,no,2021-03-08,1985-02-01,41.0,2022,3,21,7084.0,6683.03,crossfit_6_mån_autogiro_fullt_medlemskap,1415.0,274.0,16.0,72.0,2022-03-09,1.0,72.0,2022-04-27,3f2b592d-c680-4136-8859-dcc90db3d353
2026-02-08 10:36:00,yes,2021-03-12,1988-11-01,38.0,2026,2,8,52423.0,49455.69,crossfit_12_mån_autogiro_fullt_medlemskap,13.0,1691.0,71.0,425.0,,,425.0,2026-02-26,bc7149d1-1204-467e-ba26-1032f29179e0
2024-10-14 17:02:00,no,2021-03-17,1990-09-01,36.0,2024,10,14,35540.0,33528.33,crossfit_6_mån_autogiro_fullt_medlemskap,440.0,1279.0,159.0,174.0,2024-11-21,1.0,174.0,2024-12-27,6d7dcef7-a71d-468a-a0fd-b389dfa26ec1
2024-05-06 11:17:00,no,2021-03-24,1979-01-01,47.0,2024,5,6,12718.998599999999,11999.06,crossfit_6_mån_autogiro_fullt_medlemskap,562.0,905.0,21.0,102.0,2024-08-05,2.0,102.0,2024-08-28,a1b02d6e-9afc-41a1-8c5b-abb2eb6dc6ef
2021-06-09 10:53:00,no,2021-04-09,1991-11-01,35.0,2021,6,9,340.0,320.75,intro_brons_autogiro,1689.0,0.0,,3.0,,,3.0,2021-07-29,b42e7de9-952b-4d49-ab04-b8a61b5e59a5
2026-02-11 16:54:00,yes,2021-05-06,1976-10-01,50.0,2026,2,11,51698.0,48771.729999999996,crossfit_12_mån_autogiro_fullt_medlemskap,75.0,1644.0,254.0,575.0,2021-12-02,1.0,575.0,2025-12-27,e9d42dd5-6953-4eb0-b2ca-96cda322e80f
2021-07-21 11:55:00,no,2021-05-20,1972-09-01,54.0,2021,7,21,1275.0,1202.83,intro_brons_autogiro,1658.0,69.0,23.0,9.0,,,9.0,2021-08-26,3b3d0c81-7046-426e-aab1-2a6804eaf30c
2022-03-23 21:32:00,no,2021-06-07,1991-07-01,35.0,2022,3,23,5777.0,5450.0,crossfit_6_mån_autogiro_fullt_medlemskap,1446.0,145.0,68.0,51.0,2022-12-07,1.0,51.0,2022-03-31,5177933e-7d54-42fd-8992-5e2b7c630228
2021-06-30 11:57:00,no,2021-06-18,1993-08-01,33.0,2021,6,30,722.0,681.13,intro_brons_autogiro,1627.0,0.0,2.0,1.0,,,1.0,2021-09-26,0778ba91-e2f1-4923-9ded-e5872bb73121
2021-09-02 16:58:00,no,2021-06-18,1985-03-01,41.0,2021,9,2,1246.0,1175.47,intro_brons_autogiro,1566.0,130.0,15.0,4.0,,,4.0,2021-12-02,a85247de-3826-4cfe-a362-881a930fae9f
2025-12-13 09:58:00,yes,2021-06-21,1988-10-01,38.0,2025,12,13,41784.0,39418.9,skåpshyra_12_mån_autogiro,13.0,1614.0,126.0,497.0,,,498.0,2026-02-26,694fec3e-1dd3-4266-9145-97f998aeca13
2026-02-11 13:03:00,yes,2021-06-23,2007-12-01,19.0,2026,2,11,106.0,100.0,teens_autogiro,1697.0,0.0,25.0,307.0,2023-12-19,1.0,307.0,,52703eda-3624-4de8-b73d-bb15c882f953
2021-12-18 14:22:00,no,2021-06-24,1994-08-01,32.0,2021,12,18,6876.0,6486.799999999999,crossfit_6_mån_autogiro_fullt_medlemskap,1505.0,191.0,19.0,34.0,2021-12-21,1.0,34.0,2022-01-26,c0dee00d-a342-468d-bc4e-3236515311c6
2022-05-21 07:16:00,no,2021-07-05,2001-10-01,25.0,2022,5,21,9014.0,8503.74,crossfit_6_mån_autogiro_student_fullt_medlemskap,1385.0,258.0,3.0,122.0,2022-05-02,2.0,122.0,2022-05-27,83bf7a40-4780-40c1-9e39-d92255c3b136
2024-10-04 11:59:00,no,2021-07-09,1986-03-01,40.0,2024,10,4,28872.0,27237.86,crossfit_12_mån_autogiro_fullt_medlemskap,531.0,1150.0,226.0,242.0,2024-10-28,1.0,243.0,2024-09-26,01dc1f23-8250-4766-95a3-c86aa8ff5ae0
2021-09-07 11:52:00,no,2021-07-15,2000-02-01,26.0,2021,9,7,82.0,77.36,intro_brons_autogiro,1629.0,0.0,,3.0,2022-04-27,1.0,3.0,2021-09-26,27b32bcd-27f3-460b-a710-9b2f5dd5eeb3
2021-09-07 11:51:00,no,2021-07-15,2001-11-01,25.0,2021,9,7,82.0,77.36,intro_brons_autogiro,1629.0,0.0,,3.0,2021-09-21,1.0,3.0,2021-09-26,53207580-a811-47f8-8a1c-753c7539d6dd
2026-02-06 16:02:00,no,2021-07-22,1991-08-01,35.0,2026,2,6,1800.0,1698.12,klippkort_-_entré,7.0,157.0,13.0,8.0,,,19.0,,1f781041-9fde-4c98-b3ec-6aa7f122c8d1
2021-08-12 18:54:00,no,2021-07-26,1995-07-01,31.0,2021,8,12,183.0,172.64,crossfit_12_mån_autogiro_fullt_medlemskap,1664.0,0.0,7.0,2.0,2021-09-03,1.0,2.0,,9aa0caec-60e6-498f-9b3a-9d9312a361ea
2023-02-20 18:04:00,no,2021-07-26,1987-05-01,39.0,2023,2,20,23216.0,21901.9,crossfit_12_mån_autogiro_fullt_medlemskap,836.0,730.0,14.0,32.0,2023-10-17,1.0,32.0,2023-11-26,ce686e9d-19d2-4801-9409-2fd9035e7f71
2026-02-11 12:02:00,yes,2021-07-26,1986-10-01,40.0,2026,2,11,49178.0,46394.36,crossfit_12_mån_autogiro_fullt_medlemskap,13.0,1553.0,86.0,566.0,,,566.0,2026-02-26,5d21b0ab-2693-4402-9284-e16124bf6ad2
2022-05-31 06:08:00,no,2021-08-11,1986-04-01,40.0,2022,5,31,7789.0,7348.11,crossfit_6_mån_autogiro_fullt_medlemskap,1385.0,242.0,55.0,110.0,2022-05-02,1.0,110.0,2022-05-27,968b55e9-ba5d-4361-a6ec-7d2fbc119d9c
2026-02-10 06:13:00,yes,2021-08-12,1997-02-01,29.0,2026,2,10,48737.0,45978.32,crossfit_12_mån_autogiro_fullt_medlemskap,13.0,1539.0,82.0,431.0,,,433.0,2026-02-26,417b88cb-782b-479f-a618-e6d31f30c8a5
2021-12-13 06:09:00,no,2021-08-12,1984-03-01,42.0,2021,12,13,13230.0,12481.14,crossfit_12_mån_autogiro_fullt_medlemskap,989.0,658.0,28.0,26.0,2023-05-30,1.0,26.0,2023-06-28,2da7e0b2-702f-44cb-a0bf-bce01323dea5
2023-02-04 15:03:00,no,2021-08-13,1995-06-01,31.0,2023,2,4,12352.0,11652.78,crossfit_12_mån_autogiro_student_fullt_medlemskap,867.0,412.0,22.0,80.0,2023-09-27,1.0,80.0,2023-10-27,7fe8a789-c0be-44dc-b619-e891bad55117
2022-11-14 16:34:00,no,2021-08-20,2001-06-01,25.0,2022,11,14,8788.0,8290.529999999999,crossfit_12_mån_autogiro_student_open_gym,1140.0,491.0,2.0,112.0,2022-12-15,1.0,112.0,2022-12-31,0ad92d15-ccfe-4f2d-880f-31d804da9b41
2022-01-18 19:14:00,no,2021-08-23,1980-01-01,46.0,2022,1,18,5626.0,5307.5599999999995,crossfit_6_mån_autogiro_fullt_medlemskap,1385.0,251.0,55.0,32.0,2022-05-06,1.0,32.0,2023-05-12,32d91b8c-69e8-4f40-83d8-c61eaa7a5525
2023-01-19 18:29:00,no,2021-08-23,1995-10-01,31.0,2023,1,19,15223.0,14361.33,crossfit_12_mån_autogiro_fullt_medlemskap,897.0,739.0,53.0,138.0,2023-09-20,2.0,138.0,2023-09-28,6d0b1875-eda0-446a-a75c-e4c6be3f0486
2021-09-22 17:10:00,no,2021-08-24,1987-09-01,39.0,2021,9,22,945.0,891.51,1_månads_fullt_medlemskap,1635.0,0.0,11.0,11.0,,,11.0,,32d204a7-f1ba-4e5e-bf75-0b382eceaa51
2023-04-25 15:47:00,no,2021-08-26,1995-06-01,31.0,2023,4,25,19883.0,18757.47,crossfit_12_mån_autogiro_student_fullt_medlemskap,928.0,705.0,19.0,59.0,2023-07-13,1.0,59.0,2023-08-26,f89ec94b-8734-4be8-bfad-634675cbaba9
2022-02-10 17:06:00,no,2021-08-27,1997-06-01,29.0,2022,2,10,2056.0,1939.62,crossfit_6_mån_autogiro_fullt_medlemskap,1446.0,92.0,11.0,33.0,2022-12-07,1.0,33.0,2022-02-26,49baa882-299b-421f-a636-d2918299f635
2026-02-10 17:05:00,yes,2021-08-31,1997-05-01,29.0,2026,2,10,46901.0,44246.22,crossfit_6_mån_autogiro_fullt_medlemskap,13.0,1615.0,27.0,542.0,2025-01-20,1.0,542.0,2026-02-26,fda5fb5b-8a44-434d-b86b-779e99e37b1e
2024-03-27 10:01:00,no,2021-09-01,2001-05-01,25.0,2024,3,27,10957.0,10336.76,crossfit_12_mån_autogiro_student_fullt_medlemskap,715.0,367.0,188.0,156.0,2023-12-28,1.0,156.0,2024-03-28,98c5b413-f22e-40eb-ae6a-8a260f0c7618
2021-11-24 16:17:00,no,2021-09-02,1999-10-01,27.0,2021,11,24,41.0,38.68,intro_brons_autogiro,1536.0,0.0,15.0,13.0,,,13.0,2021-12-29,4034c2cd-0dfe-428c-8c3b-b72eba6bc562
2021-12-07 15:38:00,no,2021-09-09,2000-12-01,26.0,2021,12,7,1264.0,1192.46,intro_brons_autogiro,1536.0,83.0,17.0,16.0,,,16.0,2021-12-29,7f7af117-5897-4709-9645-8db1f092eef8
2021-11-18 11:58:00,no,2021-09-15,1991-03-01,35.0,2021,11,18,680.0,641.51,intro_brons_autogiro,1613.0,0.0,55.0,20.0,,,20.0,2021-12-03,79d496bb-e49c-4926-9d00-b01b0762a2a3
2022-04-06 16:12:00,no,2021-09-23,1991-06-01,35.0,2022,4,6,6103.0,5757.549999999999,crossfit_6_mån_autogiro_fullt_medlemskap,1415.0,186.0,46.0,31.0,2022-03-28,1.0,31.0,2022-04-27,836846cd-7f18-4541-9987-e64e5e1da6ae
2021-12-07 06:08:00,no,2021-09-27,1997-03-01,29.0,2021,12,7,7719.0,7282.049999999999,crossfit_6_mån_autogiro_student_fullt_medlemskap,1385.0,216.0,21.0,18.0,2022-04-27,1.0,18.0,2022-05-27,b7635795-91c2-444c-961e-54974f1be27e
2026-02-08 07:21:00,yes,2021-10-13,1996-07-01,30.0,2026,2,8,41605.0,39249.840000000004,crossfit_12_mån_autogiro_student_fullt_medlemskap,13.0,1460.0,21.0,423.0,,,423.0,2026-02-26,1f8fbab7-e3e4-41c7-b142-18c5f39db912
2023-04-13 18:14:00,no,2021-10-24,1989-05-01,37.0,2023,4,13,16008.0,15101.89,crossfit_6_mån_autogiro_fullt_medlemskap,1020.0,554.0,32.0,63.0,2023-04-19,1.0,63.0,2023-05-27,ad5e23ab-dee3-4ab8-a5a4-d137e5fcac86
2023-06-25 10:24:00,no,2021-10-24,1988-04-01,38.0,2023,6,25,19442.0,18341.52,crossfit_6_mån_autogiro_fullt_medlemskap,928.0,646.0,121.0,129.0,2023-07-26,1.0,129.0,2023-08-26,d23bbef9-6fe5-443c-b5f7-2b45632b8578
2022-12-08 11:55:00,no,2021-11-03,1973-06-01,53.0,2022,12,8,22809.0,21517.94,crossfit_12_mån_autogiro_fullt_medlemskap,744.0,728.0,42.0,29.0,2024-01-08,1.0,29.0,2024-02-28,f07f4b56-1c0d-4512-b0c0-1651cdc1a100
2024-12-17 06:23:00,no,2021-11-05,1996-11-01,30.0,2024,12,17,17457.0,16468.98,crossfit_12_mån_autogiro_fullt_medlemskap,440.0,975.0,55.0,262.0,2024-11-21,1.0,262.0,2024-12-27,436a85cc-337d-447c-adc0-9f1291d41fe8
2022-08-29 19:09:00,no,2021-11-07,1988-04-01,38.0,2022,8,29,10200.9956,9623.59,crossfit_6_mån_autogiro_fullt_medlemskap,1201.0,359.0,34.0,17.0,2022-10-10,1.0,17.0,2022-11-26,8db75ab3-ea8c-4f13-b123-e0252697c297
2022-03-30 11:52:00,no,2021-11-10,1991-01-01,35.0,2022,3,30,6667.0,6289.629999999999,crossfit_6_mån_autogiro_fullt_medlemskap,1385.0,172.0,18.0,12.0,2022-04-27,1.0,12.0,2022-05-27,94a1b493-8a52-4385-804f-bad96818ec10
2022-06-14 17:10:00,no,2021-11-12,1994-08-01,32.0,2022,6,14,10868.0,10252.83,crossfit_6_mån_autogiro_fullt_medlemskap,1201.0,354.0,86.0,37.0,2022-10-31,1.0,37.0,2022-11-26,92fd5d35-c85b-4b01-9951-184a5397dfe9
2022-08-29 19:09:00,no,2021-11-15,1989-06-01,37.0,2022,8,29,9652.0,9105.66,crossfit_6_mån_autogiro_fullt_medlemskap,1201.0,351.0,33.0,11.0,2022-10-10,1.0,11.0,2022-11-26,ae605bfd-b62c-4254-baa6-fbb2d8fb4729
2022-08-28 18:56:00,no,2021-11-15,1997-04-01,29.0,2022,8,28,7960.0,7509.44,crossfit_6_mån_autogiro_fullt_medlemskap,1293.0,212.0,117.0,86.0,2022-07-18,1.0,86.0,2022-08-26,e5ea138d-84c6-4ea4-868c-f3170ac1d3b5
2026-01-26 15:50:00,yes,2022-01-03,1997-04-01,29.0,2026,1,26,46611.9956,43973.61,crossfit_6_mån_autogiro_fullt_medlemskap,44.0,1425.0,138.0,239.0,,,239.0,2026-01-28,9689f3c2-d73e-4350-81db-d19f7e39c757
2025-10-19 08:18:00,no,2022-01-19,1982-02-01,44.0,2025,10,19,36824.0,34739.64,crossfit_12_mån_autogiro_fullt_medlemskap,197.0,1249.0,186.0,163.0,2025-10-20,1.0,163.0,2025-08-27,bc056ae5-f6d3-44b1-8328-f802ae39b2dc
2023-03-15 18:26:00,no,2022-01-24,1990-08-01,36.0,2023,3,15,37293.9996,35182.880000000005,crossfit_12_mån_autogiro_student_fullt_medlemskap,166.0,1314.0,36.0,59.0,2025-08-22,1.0,59.0,2025-08-29,849a4af4-dfcd-4084-9b23-1963e6a33b1c
2022-06-20 13:06:00,no,2022-01-27,1990-12-01,36.0,2022,6,20,11877.0,11204.72,crossfit_6_mån_autogiro_fullt_medlemskap,836.0,547.0,27.0,42.0,2023-10-02,1.0,42.0,2023-11-26,2a97bd59-698e-4b43-9545-59c1a106566f
2022-03-15 17:06:00,no,2022-02-04,1998-06-01,28.0,2022,3,15,5959.0,5621.71,crossfit_6_mån_autogiro_fullt_medlemskap,1293.0,178.0,18.0,5.0,2022-05-23,1.0,5.0,2022-08-26,9030a837-6b4d-4d56-ba72-f608480d4065
2022-11-17 17:34:00,no,2022-02-21,1997-12-01,29.0,2022,11,17,10391.0,9802.84,crossfit_12_mån_autogiro_fullt_medlemskap,1072.0,382.0,2.0,47.0,2023-03-07,1.0,47.0,2023-03-29,bf30c38e-fd87-4195-b522-095415fcbc1d
2023-02-24 16:49:00,no,2022-02-21,1990-06-01,36.0,2023,2,24,11610.0,10952.84,crossfit_12_mån_autogiro_fullt_medlemskap,1109.0,345.0,3.0,73.0,2023-02-20,1.0,73.0,2023-03-01,42442928-305c-45e1-84ce-f9ebe6bdc3c9
2022-12-13 17:57:00,no,2022-02-26,1995-12-01,31.0,2022,12,13,10344.0,9758.5,crossfit_6_mån_autogiro_fullt_medlemskap,1109.0,306.0,66.0,108.0,2023-01-24,2.0,108.0,2023-03-01,f54a49d1-78f1-4164-a409-63c95af65cb8
2022-03-03 11:43:00,no,2022-03-01,1982-07-01,44.0,2022,3,3,9290.0,8764.15,crossfit_6_mån_autogiro_fullt_medlemskap,1171.0,275.0,9.0,2.0,2022-12-07,1.0,2.0,2022-04-27,9097c0fe-e30b-4a02-85c9-8b94637d2baf
2026-02-11 18:24:00,yes,2022-03-10,1975-01-01,51.0,2026,2,11,33581.9912,31681.18,teens_autogiro,13.0,1424.0,64.0,186.0,,,186.0,2026-02-26,483f2725-5312-4346-970b-0fdc6d320ba2
2023-04-04 11:44:00,no,2022-03-18,1987-03-01,39.0,2023,4,4,12712.0,11992.46,crossfit_12_mån_autogiro_fullt_medlemskap,1050.0,379.0,11.0,36.0,2023-03-30,1.0,36.0,2023-04-27,fcf24300-612e-4a7e-bf90-355b1480d7f0
2025-02-03 18:14:00,no,2022-03-24,2002-04-01,24.0,2025,2,3,12219.0,11527.359999999999,crossfit_6_mån_autogiro_fullt_medlemskap,440.0,700.0,38.0,29.0,2025-01-07,1.0,29.0,2024-12-27,4d8b6efa-118e-4bd8-b632-30f1f66082ab
2022-04-12 17:09:00,no,2022-03-25,1992-02-01,34.0,2022,4,12,10188.0048,9611.29,crossfit_12_mån_autogiro_student_fullt_medlemskap,1081.0,341.0,15.0,6.0,2022-11-06,1.0,6.0,2023-03-29,00adb0bf-4ccd-4ea8-80a4-8e86a10364e7
2024-02-28 17:05:00,no,2022-04-05,1991-07-01,35.0,2024,2,28,29396.0,27732.1,crossfit_6_mån_autogiro_fullt_medlemskap,440.0,971.0,138.0,47.0,2024-11-21,1.0,47.0,2024-12-27,7cd31818-9824-4ae5-acbb-1606962b9f99
2022-09-30 15:53:00,no,2022-04-06,1989-01-01,37.0,2022,9,30,5964.0,5626.42,crossfit_6_mån_autogiro_fullt_medlemskap,1232.0,177.0,2.0,11.0,2022-08-30,1.0,11.0,2022-10-27,cc9d107d-3f33-49d2-87fa-b4353cc4a84d
2026-02-06 07:26:00,yes,2022-04-12,1995-05-01,31.0,2026,2,6,20673.0,19502.78,crossfit_12_mån_autogiro_student_fullt_medlemskap,13.0,823.0,217.0,220.0,,,220.0,2026-02-26,834b16cf-03db-482d-a2c8-daca0b2f4347
2022-05-26 10:17:00,no,2022-05-12,1997-11-01,29.0,2022,5,26,995.0,938.68,1_månads_fullt_medlemskap,1374.0,0.0,1.0,2.0,,,2.0,,1aa0c0c4-671b-4b30-b01e-77596bddf0e8
2022-07-17 16:02:00,no,2022-05-12,1968-11-01,58.0,2022,7,17,2033.0,1917.94,teens_autogiro,1232.0,142.0,,4.0,2022-09-16,1.0,4.0,2022-10-27,b63acba4-bc80-42c9-8e22-926ee1708917
2024-01-23 11:30:00,no,2022-06-01,1992-05-01,34.0,2024,1,23,20689.0,19517.94,crossfit_6_mån_autogiro_fullt_medlemskap,744.0,610.0,80.0,59.0,2024-01-23,1.0,59.0,2024-02-28,dd9fb46c-0374-4049-be29-e1c9265373c6
2023-01-09 18:43:00,no,2022-06-08,1977-01-01,49.0,2023,1,9,11120.0,10490.57,crossfit_12_mån_autogiro_fullt_medlemskap,1020.0,327.0,,20.0,2023-05-01,1.0,20.0,2023-05-27,d72657c9-0198-4c7f-828c-e97141705801
2023-03-20 13:47:00,no,2022-06-15,2001-12-01,25.0,2023,3,20,7918.0,7469.79,crossfit_6_mån_autogiro_student_fullt_medlemskap,1050.0,290.0,1.0,15.0,2023-04-03,1.0,15.0,2023-04-27,4f36e7c6-c07b-4472-8d55-9f7e796c4e76
2023-08-04 17:10:00,no,2022-06-30,1999-06-01,27.0,2023,8,4,11370.0,10726.42,crossfit_12_mån_autogiro_fullt_medlemskap,867.0,365.0,30.0,83.0,2023-08-04,1.0,83.0,2023-10-27,9f64f98f-2f5e-4d2b-8ab4-68be7b9202bc
2024-12-04 15:59:00,no,2022-07-04,1993-06-01,33.0,2024,12,4,20410.0,19254.73,crossfit_6_mån_autogiro_fullt_medlemskap,378.0,854.0,15.0,67.0,2025-01-10,2.0,67.0,2025-02-27,e2555380-bdec-4494-b77c-0c5217193cdb
2024-06-11 11:45:00,no,2022-08-09,1970-09-01,56.0,2024,6,11,32190.0,30367.94,crossfit_12_mån_autogiro_fullt_medlemskap,166.0,1118.0,163.0,117.0,2025-08-26,1.0,117.0,2025-09-26,ad46f8b5-ef51-4465-ae4a-dd2c60853e9b
2023-09-07 11:52:00,no,2022-08-16,1984-08-01,42.0,2023,9,7,11341.0,10699.07,crossfit_12_mån_autogiro_fullt_medlemskap,836.0,350.0,32.0,5.0,2023-07-13,1.0,5.0,2023-11-26,3b9720c8-cb5d-4eb4-b791-93955aab67bd
2026-01-25 16:27:00,yes,2022-08-22,1987-12-01,39.0,2026,1,25,35879.9912,33849.08,crossfit_6_mån_autogiro_fullt_medlemskap,13.0,1167.0,58.0,119.0,2024-04-11,1.0,119.0,2026-02-26,a4343409-8e17-4b78-a6cf-12ef9cee3566
2023-03-24 11:51:00,no,2022-08-22,1992-07-01,34.0,2023,3,24,16958.0,15998.119999999999,crossfit_12_mån_autogiro_fullt_medlemskap,684.0,517.0,57.0,33.0,2024-04-02,1.0,33.0,2024-04-26,f4b1f522-d044-49d6-832b-a47a29957952
2024-03-26 11:14:00,no,2022-08-29,2002-10-01,24.0,2024,3,26,19592.0048,18482.97,crossfit_6_mån_autogiro_student_fullt_medlemskap,654.0,611.0,3.0,103.0,2024-04-25,1.0,103.0,2024-05-30,5d76b4e3-4745-4728-8608-aa3d2e1a5ba2
2026-02-11 18:17:00,yes,2022-08-30,1996-07-01,30.0,2026,2,11,36925.0,34834.92,crossfit_12_mån_autogiro_fullt_medlemskap,13.0,1159.0,235.0,294.0,,,294.0,2026-02-26,29ca345a-2b4d-4bcf-9436-8163d4e0d42f
2023-08-24 06:08:00,no,2022-09-01,1993-12-01,33.0,2023,8,24,11940.0,11264.16,crossfit_6_mån_autogiro_fullt_medlemskap,928.0,334.0,7.0,108.0,2023-06-09,1.0,108.0,2023-08-26,7515bb23-0860-4d13-9b5a-b3b3cc3a7391
2023-11-05 09:33:00,no,2022-09-03,1982-06-01,44.0,2023,11,5,13356.0,12600.01,crossfit_12_mån_autogiro_fullt_medlemskap,836.0,424.0,23.0,29.0,2023-10-06,1.0,29.0,2023-11-26,5306cab3-3f4d-4661-aec6-6b48b1ef4b4e
2022-11-08 17:06:00,no,2022-09-20,1999-05-01,27.0,2022,11,8,781.0,736.79,intro_brons_autogiro,1171.0,0.0,8.0,6.0,,,6.0,2022-12-28,aa564ee5-4233-4b65-837d-c82c973c6ce6
2024-03-13 17:18:00,no,2022-09-20,1991-02-01,35.0,2024,3,13,10314.0,9730.189999999999,crossfit_6_mån_autogiro_fullt_medlemskap,654.0,517.0,26.0,48.0,2024-10-29,1.0,48.0,2024-04-26,82827233-74af-4781-bda3-78d42f6884b1
2026-02-03 06:11:00,yes,2022-10-06,2000-03-01,26.0,2026,2,3,13816.0,13033.93,crossfit_6_mån_autogiro_student_fullt_medlemskap,13.0,854.0,136.0,269.0,2024-04-02,1.0,269.0,2026-02-26,a1705b7b-3d40-4c44-bb1e-db44b95dd784
2026-02-11 11:55:00,yes,2022-11-10,1991-01-01,35.0,2026,2,11,35886.0,33854.65,crossfit_12_mån_autogiro_student_fullt_medlemskap,13.0,1179.0,146.0,622.0,,,623.0,2026-02-26,6279d047-1b42-4de7-8230-7aba2cc193af
2025-12-31 11:53:00,yes,2023-01-27,1994-07-01,32.0,2025,12,31,35612.9912,33597.189999999995,crossfit_6_mån_autogiro_fullt_medlemskap,13.0,1060.0,37.0,127.0,,,127.0,2026-02-26,fa6183d9-420f-4d70-99b3-4e924beb7c14
2025-02-06 18:14:00,no,2023-02-06,1992-02-01,34.0,2025,2,6,5994.0,5654.73,crossfit_6_mån_autogiro_fullt_medlemskap,378.0,177.0,143.0,53.0,2024-12-16,2.0,53.0,2025-02-27,36c0fc1d-c734-4bea-b1c3-7b4e07d055e0
2023-12-26 09:52:00,no,2023-03-09,1998-07-01,28.0,2023,12,26,11065.0,10438.689999999999,crossfit_6_mån_autogiro_fullt_medlemskap,744.0,329.0,71.0,25.0,2024-01-11,1.0,26.0,2024-02-28,e86a4c33-b826-4ba5-a507-c5fcecdaf603
2023-06-04 16:12:00,no,2023-03-10,1984-08-01,42.0,2023,6,4,658.0,620.75,intro_brons_autogiro,959.0,0.0,5.0,15.0,,,15.0,2023-07-29,6d2555bb-fc4a-40c8-9f32-e14ec6f5b731
2026-02-03 11:59:00,yes,2023-03-12,1993-10-01,33.0,2026,2,3,34264.0,32324.48,crossfit_12_mån_autogiro_open_gym,13.0,692.0,127.0,132.0,,,132.0,2026-02-26,20e44dd7-659c-490d-a856-c57d30ec3bdf
2026-01-30 17:08:00,yes,2023-03-14,1992-11-01,34.0,2026,1,30,33978.0,32054.73,crossfit_12_mån_autogiro_fullt_medlemskap,13.0,1055.0,98.0,120.0,,,120.0,2026-02-26,4f83316e-96a8-4260-a2e8-9df08e8d92d8
2026-01-27 12:06:00,yes,2023-04-06,1984-03-01,42.0,2026,1,27,30968.0,29215.12,crossfit_6_mån_autogiro_fullt_medlemskap,13.0,1032.0,77.0,158.0,2025-06-26,1.0,159.0,2026-02-26,c7cbda61-e93d-4fd1-b30b-93488d44726e
2023-10-10 11:56:00,no,2023-06-08,1986-08-01,40.0,2023,10,10,1753.0,1653.78,intro_brons_autogiro,836.0,86.0,,6.0,,,6.0,2023-11-26,86f6f473-de17-4ce6-bd42-4368a92b1a33
2025-12-23 09:44:00,yes,2023-06-14,1957-05-01,69.0,2025,12,23,7000.0,6603.8,crossfit_12_mån_autogiro_open_gym,378.0,581.0,11.0,31.0,,,31.0,2025-02-27,1d8d3da6-65e5-4991-9c47-9f7a05eacef7
2023-09-12 10:02:00,no,2023-07-05,1982-09-01,44.0,2023,9,12,165.0,155.66,intro_brons_autogiro,867.0,0.0,4.0,5.0,,,5.0,2023-10-27,0787f738-f1d8-4e7f-96c5-4a938089fcb2
2023-07-28 07:53:00,no,2023-07-28,1991-03-01,35.0,2023,7,28,350.0,330.19,veckokort_2,932.0,0.0,4.0,1.0,,,1.0,,450b83cc-d3b4-4db3-9989-3f60257879c9
2024-04-25 17:07:00,no,2023-08-02,2000-11-01,26.0,2024,4,25,6147.0,5799.0599999999995,crossfit_6_mån_autogiro_fullt_medlemskap,623.0,173.0,41.0,28.0,2024-05-15,1.0,28.0,2024-06-28,4d38bb00-e3e9-462b-ad14-dc5e4852bdb6
2025-04-21 11:45:00,no,2023-08-04,1983-04-01,43.0,2025,4,21,20699.0,19527.37,crossfit_12_mån_autogiro_fullt_medlemskap,289.0,636.0,,130.0,2025-04-30,1.0,130.0,2025-05-28,9d8041fa-c6a2-452e-be92-5823c5fbd5e4
2025-05-29 14:00:00,yes,2023-09-04,1996-01-01,30.0,2025,5,29,23836.0,22486.809999999998,crossfit_6_mån_autogiro_fullt_medlemskap,13.0,881.0,109.0,154.0,,,155.0,2026-02-26,1b699da6-5b5f-445f-9ce5-ab8a031db94f
2024-10-31 17:11:00,no,2023-09-07,1992-01-01,34.0,2024,10,31,13182.0,12435.84,fbb_ag_6mån,319.0,572.0,5.0,13.0,2025-03-07,1.0,13.0,2025-04-26,d97042f5-e254-4e1b-b7db-9c3f0bde155d
2023-12-09 16:17:00,no,2023-09-18,1988-05-01,38.0,2023,12,9,1252.0,1181.13,intro_brons_autogiro,806.0,74.0,7.0,14.0,,,14.0,2023-12-27,28720d7d-35dd-4be9-b055-526b28976e22
2024-12-10 16:24:00,no,2023-09-27,2003-04-01,23.0,2024,12,10,15888.0,14988.689999999999,crossfit_6_mån_autogiro_fullt_medlemskap,289.0,582.0,63.0,37.0,2025-04-29,1.0,37.0,2025-05-28,b0da1cec-3d6d-48b5-aabf-83396b0d826e
2024-03-29 10:01:00,no,2023-09-28,1996-07-01,30.0,2024,3,29,7197.0,6789.629999999999,crossfit_6_mån_autogiro_fullt_medlemskap,623.0,213.0,32.0,11.0,2024-05-07,1.0,11.0,2024-06-28,8d881ace-325a-4575-8075-ab4123d68512
2026-02-05 17:01:00,yes,2023-10-03,1997-12-01,29.0,2026,2,5,24828.9912,23423.59,crossfit_6_mån_autogiro_fullt_medlemskap,13.0,851.0,133.0,125.0,,,125.0,2026-02-26,c1c38861-84f1-4719-b712-7ad2a521de52
2025-12-28 15:53:00,no,2023-10-05,1995-03-01,31.0,2025,12,28,26608.0,25101.91,crossfit_6_mån_autogiro_fullt_medlemskap,75.0,784.0,49.0,121.0,2025-11-28,1.0,122.0,2025-12-28,b4cbe894-ca75-4039-bcb7-0cc1d1699ace
2023-10-18 16:27:00,no,2023-10-16,1994-02-01,32.0,2023,10,18,350.0,330.19,veckokort_2,851.0,0.0,,1.0,,,1.0,,70834429-3f70-4625-a32f-0a56f3655c2b
2024-07-12 12:47:00,no,2023-10-30,2000-07-01,26.0,2024,7,12,4204.0,3966.04,crossfit_6_mån_autogiro_fullt_medlemskap,593.0,213.0,35.0,53.0,2024-06-25,1.0,53.0,2024-07-27,df3f548a-9eb1-4a4e-b0a9-ad6614e2807f
2026-02-09 18:04:00,yes,2023-11-01,1979-09-01,47.0,2026,2,9,26252.0,24766.02,crossfit_12_mån_autogiro_fullt_medlemskap,13.0,661.0,128.0,209.0,,,209.0,2026-02-26,8ecee029-d017-44ac-83fe-3f7405e313f8
2024-02-16 08:23:00,no,2023-11-17,1993-05-01,33.0,2024,2,16,703.0,663.21,intro_brons_autogiro,744.0,0.0,6.0,12.0,,,12.0,2024-02-28,b1251307-1de6-4b03-bbbf-f479327f8a5d
2026-02-11 17:14:00,yes,2023-11-21,1994-08-01,32.0,2026,2,11,17902.0,16888.68,crossfit_12_mån_autogiro_fullt_medlemskap,13.0,577.0,233.0,263.0,,,265.0,2026-02-26,4dc78ae0-38e2-43f9-91cf-ecec37a39196
2026-02-11 11:47:00,yes,2023-11-21,1997-04-01,29.0,2026,2,11,20863.0,19682.09,crossfit_6_mån_autogiro_fullt_medlemskap,13.0,761.0,133.0,139.0,2025-04-22,1.0,139.0,2026-02-26,8bdcbbed-cb98-4584-867a-f598c210f01e
2023-12-11 14:07:00,no,2023-12-11,1989-12-01,37.0,2023,12,11,945.0,891.51,1_månads_fullt_medlemskap,796.0,0.0,2.0,1.0,,,1.0,,9f0997d7-8f3e-4ea1-a29a-1917088bfd04
2023-12-13 18:24:00,no,2023-12-11,1998-11-01,28.0,2023,12,13,350.0,330.19,veckokort_2,796.0,0.0,,3.0,,,3.0,,8ca90f2a-4c4f-4cf3-b043-d253c5c722dc
2025-12-26 09:33:00,no,2023-12-22,1990-12-01,36.0,2025,12,26,4350.0,4103.79,veckokort_2,68.0,717.0,5.0,36.0,,,36.0,,d457b432-b2c3-4ec0-9350-ddf44d76a0a6
2026-02-11 06:03:00,yes,2024-01-02,1994-10-01,32.0,2026,2,11,23689.9912,22349.07,crossfit_6_mån_autogiro_fullt_medlemskap,13.0,761.0,19.0,236.0,,,236.0,2026-02-26,efb65a28-baab-4415-af52-f7aaa064dde2
2024-05-24 15:32:00,no,2024-01-05,1983-09-01,43.0,2024,5,24,5425.0,5117.92,crossfit_6_mån_autogiro_fullt_medlemskap,562.0,209.0,8.0,8.0,2024-08-14,1.0,8.0,2024-08-28,6e9484dd-e558-4c94-8383-ffe541c1317c
2026-02-11 17:09:00,yes,2024-01-08,2000-11-01,26.0,2026,2,11,24444.0,23060.31,crossfit_6_mån_autogiro_student_fullt_medlemskap,13.0,755.0,128.0,473.0,,,474.0,2026-02-26,6c092fd7-ca2e-41b7-80b5-b07b329a0a6b
2026-02-09 09:52:00,yes,2024-01-12,1988-04-01,38.0,2026,2,9,21807.0,20572.56,crossfit_12_mån_autogiro_student_fullt_medlemskap,13.0,751.0,24.0,124.0,,,124.0,2026-02-26,538d1a53-1563-401a-9224-5453cc3b581f
2025-10-27 11:00:00,no,2024-01-16,1961-02-01,65.0,2025,10,27,17364.0,16381.14,crossfit_6_mån_autogiro_fullt_medlemskap,105.0,654.0,17.0,49.0,2025-10-27,1.0,49.0,2025-11-27,1fa82dca-cefa-4cdf-8833-84bf176464f4
2025-11-28 11:42:00,yes,2024-01-26,1996-11-01,30.0,2025,11,28,17931.0,16915.98,crossfit_6_mån_autogiro_student_fullt_medlemskap,105.0,610.0,121.0,128.0,,,128.0,2025-11-27,6dbe2b28-c72e-4bfc-8212-804551281261
2025-02-23 11:01:00,no,2024-02-19,1976-09-01,50.0,2025,2,23,9996.0,9430.2,crossfit_12_mån_autogiro_fullt_medlemskap,378.0,337.0,,15.0,2025-01-28,1.0,15.0,2025-02-27,85cf9f75-a417-4140-8c15-ecc8b32bb7d0
2026-02-11 17:16:00,yes,2024-02-23,1991-08-01,35.0,2026,2,11,21317.0,20110.38,crossfit_12_mån_autogiro_fullt_medlemskap,13.0,641.0,73.0,233.0,2025-02-19,1.0,234.0,2026-02-26,3aa3a826-9f73-49db-b0e8-1ad36440baa9
2025-05-13 18:00:00,no,2024-03-01,1992-12-01,34.0,2025,5,13,11340.0,10698.119999999999,crossfit_12_mån_autogiro_fullt_medlemskap,289.0,334.0,26.0,22.0,2025-04-08,1.0,22.0,2025-05-28,7edf7603-05bb-453f-8b0a-46fc5c653a49
2024-05-20 08:13:00,no,2024-03-04,1999-07-01,27.0,2024,5,20,128.0,120.75,intro_brons_autogiro,623.0,0.0,11.0,12.0,,,12.0,2024-06-28,b4eb5602-cf86-4d27-bb2b-14fb63de4025
2024-10-25 11:50:00,no,2024-03-06,1977-02-01,49.0,2024,10,25,1000.004,943.4,1_månads_fullt_medlemskap,710.0,0.0,20.0,19.0,,,20.0,,9bb43761-3e00-4ce5-9489-aa24aec593a8
2025-02-12 17:10:00,no,2024-04-01,2003-04-01,23.0,2025,2,12,8886.0,8382.98,crossfit_12_mån_autogiro_student_fullt_medlemskap,378.0,290.0,57.0,35.0,2025-01-28,1.0,35.0,2025-02-27,2f9db06e-68a4-41ce-904d-7ad4e8e35231
2025-02-12 16:06:00,no,2024-04-17,1986-07-01,40.0,2025,2,12,12695.0,11976.42,crossfit_12_mån_autogiro_fullt_medlemskap,228.0,439.0,22.0,14.0,2025-06-27,1.0,14.0,2025-07-27,e36e3da9-ab29-4c3c-97c4-3cf1dcdbb9d7
2024-06-19 11:47:00,no,2024-04-26,1996-12-01,30.0,2024,6,19,1400.0,1320.76,veckokort_2,54.0,605.0,7.0,3.0,,,3.0,,38490083-b14c-40a0-8781-6da28ab2279c
2026-02-04 17:05:00,yes,2024-05-02,1999-02-01,27.0,2026,2,4,17022.9956,16059.44,crossfit_12_mån_autogiro_fullt_medlemskap,13.0,640.0,60.0,44.0,2025-08-06,1.0,44.0,2026-02-26,bc4fd424-00ae-435c-881e-be904592e841
2024-07-18 17:14:00,no,2024-05-10,1993-01-01,33.0,2024,7,18,450.0,424.53,klippkort_-_entré,575.0,0.0,5.0,,,,2.0,,9bf2532a-38d2-4279-99e6-f54a4b8e1a8f
2026-02-11 18:12:00,yes,2024-05-14,2000-04-01,26.0,2026,2,11,9102.0,8586.77,crossfit_6_mån_autogiro_student_fullt_medlemskap,13.0,272.0,4.0,97.0,,,97.0,2026-02-26,9576437e-0d01-4b81-a2b3-4390161de99f
2026-01-09 17:06:00,yes,2024-05-24,1992-04-01,34.0,2026,1,9,17424.9956,16438.69,crossfit_6_mån_autogiro_fullt_medlemskap,13.0,580.0,48.0,56.0,,,56.0,2026-02-26,5797a431-eeb3-4801-8a7b-dc8e923d3131
2026-02-05 16:03:00,yes,2024-06-25,1984-04-01,42.0,2026,2,5,150.0,141.51,klippkort_-_entré,487.0,0.0,145.0,35.0,,,36.0,,9bcb27f4-f77f-4196-a388-a5717d916c73
2026-02-09 18:12:00,yes,2024-06-25,1978-04-01,48.0,2026,2,9,17516.0,16524.54,crossfit_12_mån_autogiro_fullt_medlemskap,13.0,576.0,103.0,157.0,,,166.0,2026-02-26,b8e33012-701f-46a8-81bf-cfbe0c753d96
2024-10-07 18:05:00,yes,2024-07-16,1999-02-01,27.0,2024,10,7,12454.0,11749.07,crossfit_6_mån_autogiro_fullt_medlemskap,228.0,350.0,1.0,4.0,,,4.0,2025-06-26,7396822c-69f4-40b6-9be9-d65458bfc8d7
2025-06-08 16:35:00,no,2024-07-21,1986-04-01,40.0,2025,6,8,450.0,424.53,klippkort_-_entré,250.0,28.0,,,,,3.0,,6523af70-7c64-4093-a1a8-ce50a402ed7f
2026-02-11 14:31:00,yes,2024-09-19,1985-10-01,41.0,2026,2,11,10738.0,10130.18,hyrox_ag_12mån,13.0,380.0,94.0,90.0,,,90.0,2026-02-26,5b5d3983-84ca-420a-82c1-84edf687df50
2025-02-09 11:37:00,no,2024-09-24,1982-11-01,44.0,2025,2,9,4197.0,3959.43,crossfit_6_mån_autogiro_fullt_medlemskap,350.0,90.0,22.0,45.0,2025-02-25,1.0,45.0,2025-03-29,85a86645-86ce-4534-973d-39d575e4db22
2026-02-10 06:27:00,yes,2024-09-26,1995-10-01,31.0,2026,2,10,15969.9912,15066.039999999999,crossfit_6_mån_autogiro_fullt_medlemskap,13.0,457.0,55.0,201.0,,,201.0,2026-02-26,52a253cc-933c-48ee-866c-832918f46c79
2026-02-09 16:56:00,no,2024-10-02,1994-03-01,32.0,2026,2,9,3900.0,3679.2599999999998,klippkort_-_entré,-3.0,167.0,12.0,,,,23.0,,d3f7027b-ad36-41ce-bc06-f1876356da3d
2024-10-23 18:33:00,no,2024-10-03,2003-01-01,23.0,2024,10,23,5972.0,5633.96,crossfit_6_mån_autogiro_fullt_medlemskap,319.0,180.0,1.0,2.0,2024-12-05,1.0,2.0,2025-04-26,4727e0ab-0e05-43e3-8414-bbc6cb8a5766
2026-02-11 16:36:00,yes,2024-10-07,1993-05-01,33.0,2026,2,11,10949.0,10329.25,crossfit_6_mån_autogiro_fullt_medlemskap,13.0,388.0,84.0,112.0,2025-05-30,1.0,112.0,2026-02-26,003af46c-782a-4469-8fbf-c2d82bf93b39
2026-02-10 15:59:00,yes,2024-10-09,1998-03-01,28.0,2026,2,10,12770.0,12047.17,crossfit_12_mån_autogiro_fullt_medlemskap,13.0,380.0,87.0,185.0,,,185.0,2026-02-26,0107f8e9-ecc7-4f16-a85e-3ecb351a8439
2026-02-03 16:57:00,yes,2024-10-09,2002-02-01,24.0,2026,2,3,14573.9912,13749.06,crossfit_6_mån_autogiro_fullt_medlemskap,13.0,480.0,100.0,55.0,,,55.0,2026-02-26,9129c7b8-2b9e-457f-b783-b613e2667852
2026-02-05 15:59:00,yes,2024-10-09,2003-07-01,23.0,2026,2,5,12676.0,11958.46,crossfit_6_mån_autogiro_student_fullt_medlemskap,13.0,480.0,83.0,67.0,,,67.0,2026-02-26,268cf6ed-2057-4466-bd77-668d8ed2155c
2026-02-11 17:37:00,yes,2024-10-21,2005-01-01,21.0,2026,2,11,995.0,938.68,1_månads_fullt_medlemskap,481.0,0.0,14.0,132.0,,,132.0,,966396ba-7c4d-4aa9-87b6-1563234f263c
2025-01-22 11:41:00,no,2024-11-19,2004-08-01,22.0,2025,1,22,5652.0,5332.07,crossfit_12_mån_autogiro_fullt_medlemskap,289.0,163.0,5.0,21.0,2025-01-23,1.0,21.0,2025-05-28,2db8de3f-163b-4d67-8e1d-cc38545d7671
2026-02-06 15:51:00,yes,2024-11-22,1985-01-01,41.0,2026,2,6,11581.0,10925.48,crossfit_12_mån_autogiro_fullt_medlemskap,13.0,344.0,105.0,118.0,,,118.0,2026-02-26,ec1e2471-71be-42e6-b1ef-a44713d85488
2026-02-10 17:12:00,yes,2024-11-27,1995-03-01,31.0,2026,2,10,7800.0,7358.5,crossfit_6_mån_autogiro_fullt_medlemskap,13.0,396.0,36.0,41.0,2025-04-22,1.0,41.0,2026-02-26,75c7b539-5180-4f2a-99ea-8ef18c778968
2025-01-08 12:16:00,no,2024-12-16,1996-01-01,30.0,2025,1,8,413.0,389.62,1_månads_fullt_medlemskap,424.0,0.0,1.0,2.0,,,2.0,,ec3edc7b-d480-44f4-8eae-ba6a2ed33ec5
2026-02-09 18:13:00,yes,2024-12-18,1990-11-01,36.0,2026,2,9,13530.9912,12765.09,crossfit_6_mån_autogiro_fullt_medlemskap,13.0,382.0,82.0,124.0,,,124.0,2026-02-26,776cb963-c451-44d0-bdf4-4ba9f7363241
2026-02-10 18:07:00,yes,2024-12-19,2010-05-01,16.0,2026,2,10,900.0,849.06,klippkort_-_entré,176.0,41.0,52.0,63.0,,,74.0,,c1100731-6b8d-4c74-b499-a1c3fab53b1d
2025-04-06 09:36:00,no,2024-12-30,1988-11-01,38.0,2025,4,6,6676.0,6298.12,crossfit_6_mån_autogiro_fullt_medlemskap,228.0,180.0,,6.0,2025-06-23,1.0,6.0,2025-07-27,9c31e47d-2943-43cf-a7dd-e81b5bfc9115
2026-01-22 16:45:00,yes,2025-01-07,1997-01-01,29.0,2026,1,22,7347.0,6931.14,crossfit_12_mån_autogiro_fullt_medlemskap,13.0,389.0,15.0,41.0,,,41.0,2026-02-26,873da2a8-e913-4105-a43c-6eb7d78dab9d
2026-02-10 11:57:00,yes,2025-01-16,1983-12-01,43.0,2026,2,10,12770.0,12047.17,crossfit_12_mån_autogiro_fullt_medlemskap,13.0,380.0,10.0,19.0,,,19.0,2026-02-26,4a3f5eb7-dde4-4ddb-9625-19df4a6b77d6
2025-05-16 11:56:00,no,2025-02-03,1995-02-01,31.0,2025,5,16,5915.0,5580.2,crossfit_6_mån_autogiro_fullt_medlemskap,197.0,165.0,1.0,3.0,2025-06-19,1.0,3.0,2025-08-27,3027efa8-e13f-4640-9217-526667ddacf3
2025-04-03 16:59:00,no,2025-02-03,1995-09-01,31.0,2025,4,3,1990.0,1877.36,1_månads_fullt_medlemskap,345.0,30.0,6.0,17.0,,,17.0,,ea5f9314-7bef-4ff5-932c-2a3d18e39d0a
2026-02-09 18:10:00,yes,2025-02-19,1978-03-01,48.0,2026,2,9,3501.0,3302.83,klippkort_-_entré,13.0,339.0,3.0,12.0,,,19.0,2026-02-26,63051bc8-cfbc-43a0-a3bd-59b71b64c960
2026-02-09 18:03:00,no,2025-02-26,1978-04-01,48.0,2026,2,9,1950.0,1839.6299999999999,klippkort_-_entré,-3.0,349.0,5.0,,,,11.0,,75407309-7fda-4d38-9e06-8066c507bb6c
2025-03-21 11:42:00,no,2025-02-26,1978-02-01,48.0,2025,3,21,150.0,141.51,klippkort_-_entré,329.0,0.0,1.0,,,,1.0,,55ca843c-3c8c-45ca-9109-913d2d81cba4
2026-02-11 17:11:00,yes,2025-03-17,1996-03-01,30.0,2026,2,11,8473.9912,7994.34,crossfit_6_mån_autogiro_fullt_medlemskap,13.0,229.0,24.0,86.0,,,86.0,2026-02-26,ed4dd578-6a93-483f-899a-01ad075c45f3
2026-02-11 17:12:00,yes,2025-03-19,1995-12-01,31.0,2026,2,11,8407.9912,7932.07,crossfit_6_mån_autogiro_fullt_medlemskap,13.0,227.0,34.0,97.0,,,97.0,2026-02-26,b5b8dec9-bf39-4f10-9e4b-249051a8b69d
2026-02-04 16:47:00,yes,2025-04-09,1994-02-01,32.0,2026,2,4,9042.9916,8531.14,crossfit_6_mån_autogiro_fullt_medlemskap,13.0,298.0,23.0,50.0,,,50.0,2026-02-26,f4ad2f98-e7c0-450b-832e-5842cc693fd1
2026-01-15 12:47:00,yes,2025-04-18,1988-10-01,38.0,2026,1,15,7243.0,6833.0199999999995,crossfit_6_mån_autogiro_fullt_medlemskap,13.0,198.0,30.0,23.0,,,23.0,2026-02-26,60bd575c-0db5-4178-b653-d4f25d1899c7
2025-12-29 17:03:00,yes,2025-05-06,1997-01-01,29.0,2025,12,29,5187.0004,4893.4,crossfit_6_mån_autogiro_fullt_medlemskap,13.0,184.0,20.0,28.0,,,28.0,2026-02-26,2ade63da-1657-437a-bc66-c9a25ded3316
2025-09-03 18:15:00,no,2025-05-09,2006-02-01,20.0,2025,9,3,937.5,884.4499999999999,klippkort_-_entré,163.0,61.0,1.0,,,,4.0,,76183336-7bfb-4c81-be5a-8bc747ba8add
2026-02-06 15:48:00,no,2025-05-09,1998-12-01,28.0,2026,2,6,4500.0,4245.32,klippkort_-_entré,7.0,217.0,10.0,,,,23.0,,c6f89543-75dd-4842-a318-b2c2b33eeae1
2026-02-10 17:10:00,yes,2025-05-12,2002-02-01,24.0,2026,2,10,6249.0,5895.29,crossfit_12_mån_autogiro_fullt_medlemskap,13.0,172.0,39.0,94.0,,,94.0,2026-02-26,d94fdc5f-c58f-41d2-b4fd-534ca095c931
2026-02-11 16:53:00,yes,2025-05-25,1994-06-01,32.0,2026,2,11,8473.0,7993.41,klippkort_-_entré,13.0,248.0,46.0,55.0,,,74.0,2026-02-26,3221b207-75e7-4639-920a-bfefafcb47f3
2026-01-20 11:57:00,yes,2025-06-02,1965-06-01,61.0,2026,1,20,5714.0,5390.57,crossfit_12_mån_autogiro_fullt_medlemskap,13.0,153.0,22.0,53.0,,,53.0,2026-02-26,cccc14fe-2345-4201-9087-148a2c4c2816
2026-02-11 11:45:00,yes,2025-06-18,1979-04-01,47.0,2026,2,11,10332.0,9747.18,crossfit_12_mån_autogiro_fullt_medlemskap,13.0,137.0,7.0,49.0,,,49.0,2026-02-26,3ff5aa4a-5803-4f17-998e-c0ee5e808caf
2025-08-16 17:18:00,no,2025-06-27,1996-06-01,30.0,2025,8,16,1050.0,990.5699999999999,veckokort_2,221.0,11.0,,9.0,,,9.0,,264505a9-55f1-49fb-92b5-c4b64adbf89f
2026-02-11 11:40:00,yes,2025-07-10,1985-10-01,41.0,2026,2,11,7680.9988,7246.23,crossfit_6_mån_autogiro_fullt_medlemskap,13.0,205.0,71.0,84.0,,,84.0,2026-02-26,e341e480-a5d1-4b1f-aae7-da538965d259
2025-07-29 08:34:00,no,2025-07-21,1980-06-01,46.0,2025,7,29,700.0,660.38,veckokort_2,208.0,0.0,1.0,6.0,,,6.0,,55cf79b7-bd7d-4c70-8294-d033f8a49a99
2026-02-09 11:39:00,yes,2025-07-28,1990-03-01,36.0,2026,2,9,2835.0,2674.5299999999997,crossfit_12_mån_autogiro_fullt_medlemskap,13.0,62.0,25.0,33.0,,,33.0,2026-02-26,295845a0-2c9d-43ae-ae17-cb03c1416a92
2026-02-05 11:48:00,yes,2025-07-29,1992-12-01,34.0,2026,2,5,3749.0,3536.79,crossfit_12_mån_autogiro_fullt_medlemskap,13.0,91.0,57.0,47.0,,,47.0,2026-02-26,ce4f44f8-d2cd-4b80-b93f-c05b6c2769cb
2026-02-09 17:05:00,yes,2025-08-26,1995-05-01,31.0,2026,2,9,2985.0,2816.04,crossfit_6_mån_autogiro_fullt_medlemskap,13.0,62.0,45.0,36.0,,,36.0,2026-02-26,6f323d8f-0e13-44f2-ac93-6609235a8178
2026-02-09 11:50:00,yes,2025-09-07,1981-03-01,45.0,2026,2,9,1200.0,1132.08,klippkort_-_entré,84.0,29.0,4.0,11.0,,,19.0,,e9fc0a0e-4f0a-40b3-9328-9cbf4aa00d44
2026-02-09 19:34:00,yes,2025-09-23,1996-06-01,30.0,2026,2,9,3980.0,3754.72,crossfit_6_mån_autogiro_fullt_medlemskap,13.0,92.0,11.0,20.0,,,20.0,2026-02-26,96ed3df7-d4bd-4f1a-a731-be1682b4501a
2026-01-27 16:04:00,no,2025-10-10,1982-08-01,44.0,2026,1,27,1653.0,1559.4399999999998,klippkort_-_entré,17.0,101.0,4.0,,,,10.0,,c9d0df10-4f3a-49c7-8ae7-832e33e6885f
2026-02-10 16:05:00,yes,2025-10-14,1966-03-01,60.0,2026,2,10,4558.0,4300.0,crossfit_6_mån_autogiro_fullt_medlemskap,13.0,110.0,33.0,16.0,,,16.0,2026-02-26,425e81b1-34b4-4925-99fa-7ba053be2784
2026-01-30 16:04:00,no,2025-10-24,1974-10-01,52.0,2026,1,30,2112.0,1992.46,klippkort_-_entré,-3.0,73.0,4.0,,,,8.0,,1db339e7-7d39-4e4c-9a7a-64139889959b
2026-01-21 18:10:00,no,2025-11-08,1996-11-01,30.0,2026,1,21,900.0,849.06,klippkort_-_entré,23.0,69.0,1.0,,,,6.0,,a7642974-6437-406c-ad72-5f9c89019694
2026-01-25 16:27:00,no,2025-11-12,1986-01-01,40.0,2026,1,25,718.75,678.0500000000001,klippkort_-_entré,19.0,42.0,,,,,5.0,,d80f4ca1-5856-4ea1-a2a4-8097421e0ac0
2025-12-31 09:57:00,no,2025-11-24,1984-07-01,42.0,2025,12,31,750.0,707.55,klippkort_-_entré,44.0,32.0,4.0,,,,3.0,,fb76e5ed-8201-4f2b-8d0b-765585c5ba30
2026-01-30 08:32:00,no,2025-12-03,1993-11-01,33.0,2026,1,30,150.0,141.51,klippkort_-_entré,14.0,0.0,,,,,1.0,,05b719e0-6396-4fd1-a3b9-799e385bdcd5
2025-12-09 11:53:00,no,2025-12-03,2003-06-01,23.0,2025,12,9,350.0,330.19,veckokort_2,73.0,0.0,1.0,2.0,,,2.0,,2fb881ff-5d18-4952-a98f-97b36a001b78
2026-02-10 12:31:00,yes,2025-12-04,2000-09-01,26.0,2026,2,10,2265.0,2136.79,crossfit_12_mån_autogiro_student_fullt_medlemskap,13.0,59.0,,7.0,,,7.0,2026-02-26,c26c8d9a-e4fc-4ebb-863d-7305c91a2297
2026-02-05 12:11:00,yes,2025-12-04,1995-08-01,31.0,2026,2,5,2889.0,2725.47,crossfit_6_mån_autogiro_fullt_medlemskap,13.0,59.0,17.0,7.0,,,7.0,2026-02-26,498431df-111e-4578-97e6-07c863806566
2026-02-06 15:53:00,no,2025-12-09,2005-07-01,21.0,2026,2,6,1200.0,1132.08,klippkort_-_entré,1.0,52.0,1.0,,,,6.0,,ad03fc86-8168-4b63-8ffc-7264af9d518e
2026-02-06 15:53:00,no,2025-12-09,1978-01-01,48.0,2026,2,6,1200.0,1132.08,klippkort_-_entré,1.0,52.0,2.0,,,,6.0,,498f6217-d8df-4200-bc5f-993a6186ac8c
2025-12-22 13:19:00,no,2025-12-22,1987-02-01,39.0,2025,12,22,700.0,660.38,veckokort_2,54.0,0.0,,1.0,,,1.0,,6b62cb21-e4cd-4e4b-b848-ea2f58a2f186
2026-02-01 14:47:00,yes,2026-01-06,1982-04-01,44.0,2026,2,1,1874.9956,1768.8600000000001,crossfit_6_mån_autogiro_fullt_medlemskap,13.0,26.0,2.0,4.0,,,4.0,2026-02-26,396482d8-f03b-40a8-91da-f08a840a7f02
2026-01-21 17:00:00,yes,2026-01-15,1986-01-01,40.0,2026,1,21,1381.9956,1303.77,crossfit_6_mån_autogiro_fullt_medlemskap,13.0,11.0,,1.0,,,1.0,2026-02-26,c729edc9-1c46-4446-bc11-df0ff2fde8de
2026-01-23 08:49:00,no,2026-01-21,1983-03-01,43.0,2026,1,23,350.0,330.19,veckokort_2,24.0,0.0,,2.0,,,2.0,,f53ccda0-2d12-4c4c-a3cc-5b9ab5b89309
2026-02-09 15:57:00,no,2026-01-23,2007-10-01,19.0,2026,2,9,612.0,577.36,klippkort_-_entré,4.0,12.0,2.0,,,,2.0,,3853aff7-4516-49f6-b51d-1f0ad51a9d5a
